{"version":1,"resource":"vscode-remote://wsl%2Bubuntu-24.04/home/huong/nhakhoaso/database/benh_nhan.py","entries":[{"id":"h6XT.py","source":"Workspace Edit","timestamp":1745036031139},{"id":"qR8e.py","source":"Workspace Edit","timestamp":1745072748214},{"id":"b7CU.py","timestamp":1745076709795},{"id":"txZ7.py","timestamp":1745076736718},{"id":"ueJV.py","source":"undoRedo.source","timestamp":1745076738799},{"id":"2k1L.py","timestamp":1745076753142},{"id":"bgys.py","source":"undoRedo.source","timestamp":1745076759464},{"id":"KV3N.py","source":"Workspace Edit","timestamp":1745164734208}]}