{"version":1,"resource":"vscode-remote://wsl%2Bubuntu-24.04/home/huong/nhakhoaso/app.py","entries":[{"id":"EwLH.py","source":"Workspace Edit","timestamp":1744946097051},{"id":"Wr42.py","source":"Workspace Edit","timestamp":1744947317022},{"id":"mO0F.py","source":"Workspace Edit","timestamp":1744951092111},{"id":"Zqhg.py","source":"Workspace Edit","timestamp":1745036812246},{"id":"B4sB.py","source":"Workspace Edit","timestamp":1745071557371},{"id":"wgdA.py","source":"Workspace Edit","timestamp":1745159292229},{"id":"0f6k.py","source":"Workspace Edit","timestamp":1745162005661},{"id":"VwVS.py","source":"Workspace Edit","timestamp":1745163288730},{"id":"MO2x.py","source":"Workspace Edit","timestamp":1745165636502},{"id":"tPFX.py","source":"Workspace Edit","timestamp":1745166411232},{"id":"h2sd.py","source":"Workspace Edit","timestamp":1745167012799},{"id":"MQB4.py","source":"Workspace Edit","timestamp":1745167915506}]}