[{"identifier":{"id":"ms-python.debugpy","uuid":"4bd5d2c9-9d65-401a-b0b2-7498d9f17615"},"version":"2025.6.0","location":{"$mid":1,"path":"/home/huong/.vscode-server/extensions/ms-python.debugpy-2025.6.0-linux-x64","scheme":"file"},"relativeLocation":"ms-python.debugpy-2025.6.0-linux-x64","metadata":{"installedTimestamp":1744379853047,"source":"gallery","id":"4bd5d2c9-9d65-401a-b0b2-7498d9f17615","publisherId":"998b010b-e2af-44a5-a6cd-0b5fd3b9b6f8","publisherDisplayName":"Microsoft","targetPlatform":"linux-x64","updated":false,"private":false,"isPreReleaseVersion":false,"hasPreReleaseVersion":false}},{"identifier":{"id":"ms-python.python","uuid":"f1f59ae4-9318-4f3c-a9b5-81b2eaa5f8a5"},"version":"2025.4.0","location":{"$mid":1,"path":"/home/huong/.vscode-server/extensions/ms-python.python-2025.4.0-linux-x64","scheme":"file"},"relativeLocation":"ms-python.python-2025.4.0-linux-x64","metadata":{"installedTimestamp":1744379853046,"source":"gallery","id":"f1f59ae4-9318-4f3c-a9b5-81b2eaa5f8a5","publisherId":"998b010b-e2af-44a5-a6cd-0b5fd3b9b6f8","publisherDisplayName":"Microsoft","targetPlatform":"linux-x64","updated":false,"private":false,"isPreReleaseVersion":false,"hasPreReleaseVersion":false}},{"identifier":{"id":"ms-python.vscode-pylance","uuid":"364d2426-116a-433a-a5d8-a5098dc3afbd"},"version":"2025.4.1","location":{"$mid":1,"path":"/home/huong/.vscode-server/extensions/ms-python.vscode-pylance-2025.4.1","scheme":"file"},"relativeLocation":"ms-python.vscode-pylance-2025.4.1","metadata":{"installedTimestamp":1744379853047,"source":"gallery","id":"364d2426-116a-433a-a5d8-a5098dc3afbd","publisherId":"998b010b-e2af-44a5-a6cd-0b5fd3b9b6f8","publisherDisplayName":"Microsoft","targetPlatform":"undefined","updated":false,"private":false,"isPreReleaseVersion":false,"hasPreReleaseVersion":false}},{"identifier":{"id":"ms-azuretools.vscode-docker","uuid":"0479fc1c-3d67-49f9-b087-fb9069afe48f"},"version":"1.29.5","location":{"$mid":1,"path":"/home/huong/.vscode-server/extensions/ms-azuretools.vscode-docker-1.29.5","scheme":"file"},"relativeLocation":"ms-azuretools.vscode-docker-1.29.5","metadata":{"installedTimestamp":1744380734045,"pinned":false,"source":"gallery","id":"0479fc1c-3d67-49f9-b087-fb9069afe48f","publisherId":"52b787f2-79a9-4f32-99b4-393afe3005d3","publisherDisplayName":"Microsoft","targetPlatform":"undefined","updated":false,"private":false,"isPreReleaseVersion":false,"hasPreReleaseVersion":false}},{"identifier":{"id":"docker.docker","uuid":"aa98a064-0f79-4961-a4b7-78df16d547ee"},"version":"0.4.9","location":{"$mid":1,"path":"/home/huong/.vscode-server/extensions/docker.docker-0.4.9-linux-x64","scheme":"file"},"relativeLocation":"docker.docker-0.4.9-linux-x64","metadata":{"isApplicationScoped":false,"isMachineScoped":false,"isBuiltin":false,"installedTimestamp":1744740067193,"pinned":false,"source":"gallery","id":"aa98a064-0f79-4961-a4b7-78df16d547ee","publisherId":"58585719-0451-4361-90b6-0b2eee07534d","publisherDisplayName":"Docker","targetPlatform":"linux-x64","updated":true,"private":false,"isPreReleaseVersion":false,"hasPreReleaseVersion":false,"preRelease":false}},{"identifier":{"id":"zencoderai.zencoder"},"version":"1.26.1","location":{"$mid":1,"fsPath":"/home/huong/.vscode-server/extensions/zencoderai.zencoder-1.26.1","external":"file:///home/huong/.vscode-server/extensions/zencoderai.zencoder-1.26.1","path":"/home/huong/.vscode-server/extensions/zencoderai.zencoder-1.26.1","scheme":"file"},"relativeLocation":"zencoderai.zencoder-1.26.1","metadata":{"isApplicationScoped":false,"isMachineScoped":false,"isBuiltin":false,"installedTimestamp":1745056435991,"pinned":false,"source":"gallery","id":"a58ad7ed-d64d-4693-ac72-0b3b54cb7ac3","publisherId":"9a29a96c-fbbf-4b4d-8aca-c176687f2684","publisherDisplayName":"Zencoder","targetPlatform":"undefined","updated":true,"private":false,"isPreReleaseVersion":false,"hasPreReleaseVersion":false,"preRelease":false}}]