{"version":1,"resource":"vscode-remote://wsl%2Bubuntu-24.04/home/huong/nhakhoaso/templates/benh_nhan.html","entries":[{"id":"BJLH.html","source":"Workspace Edit","timestamp":1744946094538},{"id":"I5Iy.html","source":"Workspace Edit","timestamp":1744947315582},{"id":"YDRj.html","source":"Workspace Edit","timestamp":1744948905434},{"id":"vmuJ.html","source":"Workspace Edit","timestamp":1744951091212},{"id":"8bSn.html","source":"Workspace Edit","timestamp":1745036812246},{"id":"wHaS.html","source":"Workspace Edit","timestamp":1745164195444}]}